x,y,z,x_dot,y_dot,z_dot,roll,pitch,yaw,roll_dot,pitch_dot,yaw_dot,quaternion_a,quaternion_b,quaternion_c,quaternion_d,gyro_x,gyro_y,gyro_z,M1,M2,M3,M4,time
0.0267486572265625,-0.031829833984375,1.005859375,0.0382080078125,0.04925537109375,-0.03533935546875,-0.0377197265625,-0.0074310302734375,-0.00681304931640625,0.271240234375,0.08795166015625,-0.00428009033203125,-0.077392578125,0.439697265625,0.1944580078125,1.0,0.251953125,-0.11175537109375,-0.0328369140625,-0.1678466796875,0.68798828125,-0.2039794921875,-0.3828125,23.9375
0.0267486572265625,-0.031829833984375,1.005859375,0.0382080078125,0.04925537109375,-0.03533935546875,-0.0377197265625,-0.0074310302734375,-0.00681304931640625,0.177490234375,0.07623291015625,0.1043701171875,-0.01904296875,0.4765625,-0.219482421875,1.0,0.2103271484375,-0.0765380859375,0.0828857421875,0.4296875,0.25390625,-0.085693359375,0.52587890625,23.9375
0.0276336669921875,-0.032196044921875,1.0048828125,0.038177490234375,0.0517578125,-0.036346435546875,-0.0352783203125,-0.0066680908203125,-0.006473541259765625,0.03369140625,-0.0260162353515625,0.1298828125,0.172119140625,0.426025390625,-0.403076171875,1.0,0.0833740234375,-0.046173095703125,0.1285400390625,0.5048828125,-1.03125,-0.41650390625,0.53271484375,23.953125
0.028045654296875,-0.031585693359375,1.0048828125,0.037506103515625,0.055450439453125,-0.0400390625,-0.033843994140625,-0.0059051513671875,-0.00522613525390625,-0.09307861328125,-0.34228515625,0.10546875,0.265380859375,0.374755859375,-0.47265625,1.0,-0.06378173828125,0.2138671875,0.09906005859375,0.2113037109375,-1.0732421875,-0.1248779296875,0.89794921875,23.96875
0.0284271240234375,-0.031036376953125,1.00390625,0.0369873046875,0.058624267578125,-0.044677734375,-0.03399658203125,-0.006855010986328125,-0.004055023193359375,-0.10052490234375,-0.81201171875,0.125732421875,0.16650390625,0.27099609375,-0.8515625,1.0,-0.122314453125,0.650390625,0.134521484375,0.38525390625,-0.2320556640625,0.040496826171875,0.2196044921875,23.96875
0.01137542724609375,-0.0234527587890625,1.0146484375,0.013214111328125,0.0679931640625,0.01166534423828125,-0.035003662109375,-0.01334381103515625,-0.0035686492919921875,-0.09197998046875,-1.4912109375,0.06494140625,0.06024169921875,0.388671875,-0.94970703125,1.0,-0.0765380859375,1.25390625,0.078125,0.42578125,0.591796875,0.1690673828125,-0.50341796875,23.984375
0.004375457763671875,-0.0225677490234375,1.0146484375,0.0025997161865234375,0.0712890625,0.002269744873046875,-0.03594970703125,-0.02496337890625,-0.0027446746826171875,-0.174072265625,-2.015625,0.039398193359375,-0.283447265625,0.440673828125,-0.69873046875,1.0,-0.14404296875,1.84765625,0.03497314453125,-0.74462890625,0.919921875,0.88916015625,-1.197265625,23.984375
0.001895904541015625,-0.0210418701171875,1.0146484375,-0.002849578857421875,0.07562255859375,-0.00574493408203125,-0.037139892578125,-0.042144775390625,-0.0018587112426757812,-0.333740234375,-2.177734375,0.0191497802734375,-0.609375,0.494384765625,-0.98486328125,0.99951171875,-0.3046875,2.1328125,0.0144500732421875,-1.48828125,0.98388671875,1.28515625,-1.42578125,24.0
0.0036716461181640625,-0.0198211669921875,1.0146484375,-0.00397491455078125,0.07952880859375,-0.01485443115234375,-0.039886474609375,-0.0628662109375,-0.0006871223449707031,-0.46484375,-1.939453125,0.002109527587890625,-0.81591796875,0.458984375,-0.96533203125,0.99951171875,-0.4287109375,1.974609375,0.0036563873291015625,-1.173828125,1.0009765625,1.044921875,-0.9775390625,24.015625
-0.00087738037109375,-0.0152130126953125,1.021484375,-0.01513671875,0.08636474609375,0.01629638671875,-0.043914794921875,-0.08349609375,-2.4378299713134766e-05,-0.56591796875,-1.2294921875,-0.00428009033203125,-0.93994140625,0.495849609375,-1.06640625,0.9990234375,-0.5166015625,1.4111328125,-0.005542755126953125,-0.556640625,0.85595703125,0.54833984375,-0.82666015625,24.015625
-0.002193450927734375,-0.0138397216796875,1.021484375,-0.0238037109375,0.0908203125,0.0054779052734375,-0.0489501953125,-0.0992431640625,0.0007038116455078125,-0.64501953125,-0.3125,0.04791259765625,-0.98583984375,0.381103515625,-1.3037109375,0.99853515625,-0.595703125,0.54931640625,0.023590087890625,-0.60693359375,0.155029296875,0.099853515625,-0.697265625,24.03125
0.0024280548095703125,-0.0100555419921875,1.021484375,-0.025665283203125,0.09881591796875,-0.00669097900390625,-0.055023193359375,-0.10662841796875,0.001811981201171875,-0.685546875,0.7685546875,0.031951904296875,-1.0302734375,0.36474609375,-1.1884765625,0.998046875,-0.705078125,-0.461181640625,0.03338623046875,-0.26513671875,0.154052734375,-0.2471923828125,-0.783203125,24.046875
0.006046295166015625,-0.007717132568359375,1.021484375,-0.029632568359375,0.10528564453125,-0.01666259765625,-0.0618896484375,-0.10418701171875,0.0024566650390625,-0.900390625,1.701171875,0.056427001953125,-0.75048828125,0.254638671875,-1.5361328125,0.998046875,-0.83837890625,-1.4677734375,0.0435791015625,0.263916015625,-0.26904296875,-0.689453125,-0.2802734375,24.046875
0.0162506103515625,-0.00830841064453125,1.021484375,-0.0242156982421875,0.1080322265625,-0.032012939453125,-0.06976318359375,-0.0911865234375,0.00302886962890625,-1.138671875,2.56640625,-0.0128021240234375,-0.5283203125,0.29638671875,-2.478515625,0.99853515625,-1.0556640625,-2.318359375,0.00494384765625,0.76708984375,-0.1536865234375,-0.76318359375,-0.155029296875,24.0625
0.01442718505859375,-0.00614166259765625,1.021484375,-0.033660888671875,0.114501953125,-0.05499267578125,-0.07965087890625,-0.07025146484375,0.0015287399291992188,-1.51171875,3.080078125,-0.10015869140625,-0.314697265625,0.49169921875,-2.546875,0.99853515625,-1.408203125,-2.927734375,-0.09271240234375,1.150390625,-0.0955810546875,-0.88818359375,0.484375,24.078125
0.01155853271484375,-0.00016963481903076172,1.0205078125,-0.042816162109375,0.1263427734375,-0.0809326171875,-0.0928955078125,-0.0426025390625,-0.0014982223510742188,-2.09765625,3.2421875,-0.08740234375,-0.2052001953125,0.7744140625,-2.298828125,0.99853515625,-1.90625,-3.216796875,-0.095703125,0.97900390625,-0.40234375,-0.258544921875,1.2080078125,24.078125
0.0241546630859375,0.00981903076171875,1.017578125,-0.029266357421875,0.1448974609375,-0.11492919921875,-0.111328125,-0.01004791259765625,-0.0034770965576171875,-2.56640625,3.05078125,-0.08203125,0.06085205078125,0.6591796875,-1.9091796875,0.99853515625,-2.423828125,-3.16796875,-0.077392578125,0.380859375,-0.77734375,0.7265625,1.7177734375,24.09375
0.0199127197265625,0.0087890625,1.0166015625,-0.035888671875,0.1497802734375,-0.1356201171875,-0.1341552734375,0.021240234375,-0.00882720947265625,-2.806640625,2.751953125,-0.1864013671875,0.2188720703125,0.95703125,-2.126953125,0.99755859375,-2.7734375,-2.841796875,-0.146484375,0.281494140625,-0.95751953125,1.0068359375,2.107421875,24.109375
0.0247802734375,0.01537322998046875,1.015625,-0.0277099609375,0.1663818359375,-0.157470703125,-0.161865234375,0.050506591796875,-0.01342010498046875,-2.734375,2.322265625,-0.2802734375,0.425048828125,0.90625,-1.7421875,0.99658203125,-2.779296875,-2.421875,-0.25390625,0.029052734375,-0.25732421875,1.4921875,1.8828125,24.109375
0.02008056640625,0.01311492919921875,1.013671875,-0.0298614501953125,0.17333984375,-0.177001953125,-0.18994140625,0.0745849609375,-0.02093505859375,-2.30859375,1.884765625,-0.2939453125,0.98876953125,0.72216796875,-1.404296875,0.99462890625,-2.427734375,-2.015625,-0.2890625,0.28857421875,0.1531982421875,1.3291015625,1.537109375,24.125
0.0206451416015625,0.0115203857421875,1.00390625,-0.0228424072265625,0.185791015625,-0.2413330078125,-0.2161865234375,0.094482421875,-0.028900146484375,-1.640625,1.4365234375,-0.32275390625,0.9619140625,1.453125,-0.9921875,0.9931640625,-1.8173828125,-1.6025390625,-0.300048828125,0.796875,1.060546875,0.857421875,0.54296875,24.125
0.0241546630859375,0.0192108154296875,1.0009765625,-0.00927734375,0.2120361328125,-0.25390625,-0.237060546875,0.11083984375,-0.03485107421875,-1.013671875,1.1796875,-0.320556640625,1.142578125,1.6298828125,-0.6025390625,0.9912109375,-1.1494140625,-1.259765625,-0.307373046875,0.99169921875,1.77734375,0.50537109375,0.4169921875,24.140625
0.0254364013671875,0.0188140869140625,0.99853515625,0.00313568115234375,0.229736328125,-0.263427734375,-0.250732421875,0.12310791015625,-0.040924072265625,-0.61181640625,0.91552734375,-0.3046875,1.3720703125,1.9638671875,-0.34814453125,0.990234375,-0.68603515625,-0.9814453125,-0.31103515625,1.298828125,1.6103515625,0.15478515625,0.45361328125,24.15625
0.025970458984375,0.023162841796875,0.99560546875,0.0162811279296875,0.255615234375,-0.268798828125,-0.259521484375,0.1324462890625,-0.046539306640625,-0.480712890625,0.5771484375,-0.2332763671875,1.646484375,2.3125,-0.4033203125,0.9892578125,-0.48974609375,-0.6748046875,-0.252685546875,1.1220703125,1.4482421875,0.236328125,0.61669921875,24.15625
0.02117919921875,0.027679443359375,0.98681640625,0.023590087890625,0.28369140625,-0.309326171875,-0.26611328125,0.1380615234375,-0.05511474609375,-0.580078125,0.2286376953125,-0.154541015625,1.6240234375,2.646484375,-0.343994140625,0.98876953125,-0.54443359375,-0.33544921875,-0.1707763671875,0.9228515625,1.09375,0.5830078125,0.81201171875,24.171875
0.0236968994140625,0.025909423828125,0.98388671875,0.041107177734375,0.302734375,-0.3125,-0.271484375,0.1419677734375,-0.057586669921875,-0.76513671875,-0.1719970703125,-0.10546875,1.689453125,2.697265625,0.064208984375,0.98828125,-0.70458984375,0.05780029296875,-0.1248779296875,0.40185546875,1.005859375,1.431640625,1.0986328125,24.1875
0.0241851806640625,0.0290679931640625,0.98095703125,0.056610107421875,0.329345703125,-0.313232421875,-0.2783203125,0.14208984375,-0.059051513671875,-0.8408203125,-0.4404296875,-0.046905517578125,1.6806640625,2.638671875,0.59619140625,0.98779296875,-0.83154296875,0.365234375,-0.053741455078125,0.47900390625,1.0087890625,1.380859375,0.61279296875,24.1875
0.01375579833984375,0.046356201171875,0.9775390625,0.058685302734375,0.376220703125,-0.309814453125,-0.28759765625,0.1375732421875,-0.0623779296875,-0.84619140625,-0.60986328125,-0.042633056640625,1.6826171875,2.720703125,0.66796875,0.9873046875,-0.85400390625,0.58203125,-0.039459228515625,0.3994140625,1.1708984375,1.140625,0.45556640625,24.203125
0.01535797119140625,0.052215576171875,0.974609375,0.07611083984375,0.4091796875,-0.30419921875,-0.296142578125,0.1324462890625,-0.06103515625,-0.7939453125,-0.572265625,-0.050079345703125,1.708984375,3.048828125,0.8935546875,0.98681640625,-0.8232421875,0.6103515625,-0.05987548828125,-0.1585693359375,0.9521484375,1.6669921875,0.6572265625,24.21875
0.012298583984375,0.056854248046875,0.9677734375,0.0877685546875,0.442138671875,-0.318115234375,-0.304931640625,0.12548828125,-0.0638427734375,-0.630859375,-0.37109375,0.06817626953125,1.6689453125,3.376953125,1.1064453125,0.986328125,-0.69482421875,0.4326171875,0.03369140625,-0.3427734375,0.57470703125,1.7099609375,0.70556640625,24.21875
0.0147247314453125,0.062408447265625,0.96435546875,0.10540771484375,0.477294921875,-0.307861328125,-0.31201171875,0.12109375,-0.061859130859375,-0.227294921875,-0.0164337158203125,0.150146484375,1.6630859375,3.625,1.1611328125,0.98583984375,-0.36376953125,0.1297607421875,0.1209716796875,-0.33544921875,0.67578125,1.5,0.8505859375,24.234375
0.0158538818359375,0.0673828125,0.96142578125,0.12091064453125,0.51220703125,-0.2958984375,-0.31640625,0.119384765625,-0.06024169921875,0.364990234375,0.428955078125,0.26318359375,1.70703125,3.6484375,1.08984375,0.9853515625,0.1898193359375,-0.307373046875,0.2408447265625,0.243896484375,0.57666015625,0.99853515625,0.9365234375,24.234375
0.033538818359375,0.039886474609375,0.958984375,0.1561279296875,0.5048828125,-0.282470703125,-0.3125,0.12481689453125,-0.050018310546875,1.14453125,0.861328125,0.279052734375,1.7060546875,3.625,1.236328125,0.98583984375,0.9208984375,-0.74609375,0.28125,0.7626953125,0.66015625,0.58349609375,0.8681640625,24.25
0.03790283203125,0.046844482421875,0.95556640625,0.1754150390625,0.54248046875,-0.2724609375,-0.30517578125,0.132080078125,-0.048797607421875,1.826171875,1.1181640625,0.28662109375,1.6982421875,3.33984375,1.40625,0.986328125,1.6591796875,-1.068359375,0.284423828125,2.509765625,1.6572265625,-0.74951171875,-0.22607421875,24.265625
0.042083740234375,0.040771484375,0.953125,0.19482421875,0.5615234375,-0.258056640625,-0.289306640625,0.14306640625,-0.046844482421875,2.140625,1.283203125,0.337646484375,1.8603515625,2.966796875,1.31640625,0.98681640625,2.107421875,-1.2783203125,0.306640625,2.18359375,1.306640625,-1.04296875,0.8310546875,24.265625
0.043060302734375,0.05084228515625,0.95068359375,0.21142578125,0.599609375,-0.244873046875,-0.26953125,0.155517578125,-0.04833984375,2.107421875,1.14453125,0.49951171875,1.998046875,2.544921875,1.107421875,0.98779296875,2.142578125,-1.2158203125,0.46630859375,1.6796875,1.1142578125,0.052764892578125,0.5791015625,24.28125
0.04803466796875,0.045867919921875,0.9482421875,0.2332763671875,0.61474609375,-0.233154296875,-0.2467041015625,0.1693115234375,-0.044708251953125,1.857421875,0.90283203125,0.515625,2.0625,2.291015625,1.0380859375,0.98876953125,1.9453125,-0.9638671875,0.52392578125,1.1142578125,0.6669921875,0.326171875,0.484375,24.296875
0.050750732421875,0.05718994140625,0.9443359375,0.25390625,0.6484375,-0.2310791015625,-0.2269287109375,0.180419921875,-0.0438232421875,1.4970703125,0.5537109375,0.437744140625,2.154296875,2.125,1.265625,0.98974609375,1.5927734375,-0.62158203125,0.466796875,1.03125,1.0517578125,0.521484375,0.061767578125,24.296875
0.05218505859375,0.0660400390625,0.9423828125,0.273681640625,0.67578125,-0.2198486328125,-0.2098388671875,0.188232421875,-0.041534423828125,1.029296875,0.1934814453125,0.34521484375,2.21484375,1.9404296875,1.306640625,0.990234375,1.150390625,-0.273681640625,0.357177734375,0.89501953125,0.76220703125,0.410888671875,0.74365234375,24.3125
0.0521240234375,0.06890869140625,0.93994140625,0.2919921875,0.693359375,-0.2064208984375,-0.1962890625,0.1922607421875,-0.039215087890625,0.5302734375,-0.220947265625,0.32275390625,2.37890625,1.748046875,1.146484375,0.99072265625,0.66064453125,0.09259033203125,0.34521484375,0.640625,0.60888671875,0.91845703125,0.7646484375,24.328125
0.0556640625,0.07867431640625,0.93798828125,0.31494140625,0.71826171875,-0.1954345703125,-0.18798828125,0.1929931640625,-0.0360107421875,0.1934814453125,-0.6025390625,0.2822265625,2.4453125,2.0078125,1.2275390625,0.99072265625,0.270263671875,0.476318359375,0.279541015625,0.33837890625,0.78857421875,1.0947265625,0.765625,24.328125
0.050018310546875,0.086669921875,0.93603515625,0.326416015625,0.7392578125,-0.1826171875,-0.1842041015625,0.1884765625,-0.037109375,0.08056640625,-0.88037109375,0.28857421875,2.37109375,1.6884765625,1.3525390625,0.9912109375,0.09393310546875,0.79931640625,0.28369140625,0.3544921875,0.69921875,1.103515625,1.0634765625,24.34375
0.055450439453125,0.09625244140625,0.93994140625,0.34716796875,0.76025390625,-0.1402587890625,-0.1806640625,0.182373046875,-0.0250244140625,0.16796875,-1.046875,0.34716796875,2.17578125,1.6923828125,1.48828125,0.99169921875,0.11590576171875,0.9951171875,0.324462890625,0.07049560546875,0.91845703125,1.4404296875,0.873046875,24.359375
0.058868408203125,0.10919189453125,0.9384765625,0.3681640625,0.787109375,-0.1263427734375,-0.1793212890625,0.1734619140625,-0.0214385986328125,0.44482421875,-1.1201171875,0.414306640625,2.12109375,1.87109375,1.8369140625,0.9921875,0.348388671875,1.12109375,0.403564453125,-0.01123046875,0.7802734375,1.302734375,0.619140625,24.359375
0.055572509765625,0.1080322265625,0.93701171875,0.379638671875,0.79541015625,-0.108154296875,-0.1749267578125,0.1624755859375,-0.017425537109375,0.85400390625,-1.0478515625,0.4580078125,1.8896484375,1.5908203125,1.9755859375,0.99267578125,0.7255859375,1.087890625,0.441162109375,-0.0067138671875,0.67041015625,1.2802734375,0.70849609375,24.375
0.06378173828125,0.11834716796875,0.93603515625,0.404296875,0.8193359375,-0.08905029296875,-0.167724609375,0.15283203125,-0.00933074951171875,1.45703125,-0.83984375,0.47509765625,1.5771484375,1.919921875,1.998046875,0.99365234375,1.2607421875,0.9365234375,0.482177734375,0.1732177734375,1.3876953125,1.0517578125,-0.113525390625,24.375
0.06964111328125,0.1302490234375,0.93896484375,0.421142578125,0.84228515625,-0.0484619140625,-0.1546630859375,0.144287109375,0.00293731689453125,1.9970703125,-0.455322265625,0.44091796875,1.5234375,1.701171875,2.05859375,0.99462890625,1.8408203125,0.5888671875,0.44140625,0.6953125,0.99462890625,0.88818359375,0.74560546875,24.390625
0.0718994140625,0.12152099609375,0.93896484375,0.434814453125,0.83837890625,-0.0272369384765625,-0.1351318359375,0.13818359375,0.01190948486328125,2.484375,-0.0888671875,0.406982421875,1.427734375,1.35546875,1.9619140625,0.9951171875,2.3515625,0.19189453125,0.423828125,0.76708984375,0.84375,0.51513671875,0.2303466796875,24.40625
0.078125,0.138427734375,0.9384765625,0.453369140625,0.86572265625,-0.0080718994140625,-0.11328125,0.1357421875,0.0152740478515625,2.822265625,0.2232666015625,0.34619140625,1.6484375,0.9833984375,1.9775390625,0.99609375,2.75,-0.164306640625,0.3671875,1.0654296875,1.470703125,0.295166015625,-0.12744140625,24.40625
0.08148193359375,0.1519775390625,0.9501953125,0.456787109375,0.8779296875,0.0811767578125,-0.08319091796875,0.1356201171875,0.03411865234375,2.884765625,0.44482421875,0.28857421875,1.4892578125,0.68994140625,1.900390625,0.99658203125,2.87890625,-0.380615234375,0.302490234375,1.44921875,1.150390625,-0.1397705078125,0.4853515625,24.421875
0.08868408203125,0.1539306640625,0.951171875,0.475341796875,0.8798828125,0.1004638671875,-0.05340576171875,0.139404296875,0.040435791015625,2.708984375,0.56005859375,0.325927734375,1.5986328125,0.2078857421875,1.6787109375,0.9970703125,2.77734375,-0.533203125,0.328369140625,0.4462890625,0.33740234375,0.363525390625,0.2626953125,24.4375
0.093505859375,0.1627197265625,0.9521484375,0.4912109375,0.88232421875,0.1180419921875,-0.0247650146484375,0.14453125,0.0433349609375,2.484375,0.5234375,0.25244140625,1.685546875,-0.143310546875,1.484375,0.9970703125,2.552734375,-0.525390625,0.27685546875,0.40087890625,0.56201171875,0.407958984375,-0.048065185546875,24.4375
0.0994873046875,0.174560546875,0.95361328125,0.509765625,0.884765625,0.1331787109375,0.0014781951904296875,0.149658203125,0.0458984375,2.251953125,0.499267578125,0.1875,1.79296875,-0.49365234375,1.046875,0.9970703125,2.32421875,-0.50537109375,0.2076416015625,0.6171875,0.6044921875,0.274658203125,0.157470703125,24.453125
0.1060791015625,0.1640625,0.947265625,0.53662109375,0.85791015625,0.09912109375,0.02484130859375,0.156005859375,0.040191650390625,1.953125,0.44384765625,0.15869140625,1.9111328125,-0.6103515625,0.78759765625,0.99658203125,2.046875,-0.485107421875,0.1602783203125,0.58154296875,0.40283203125,0.3408203125,0.48974609375,24.46875
0.11181640625,0.1749267578125,0.9482421875,0.5556640625,0.8544921875,0.10748291015625,0.046051025390625,0.1607666015625,0.04150390625,1.6962890625,0.346923828125,0.140625,1.517578125,-0.81982421875,0.7236328125,0.99609375,1.76171875,-0.412353515625,0.1435546875,1.2265625,1.1279296875,0.0975341796875,0.2413330078125,24.46875
0.1165771484375,0.1790771484375,0.94970703125,0.5703125,0.8408203125,0.11456298828125,0.06500244140625,0.164794921875,0.044158935546875,1.28515625,0.143310546875,0.155517578125,1.7373046875,-1.169921875,0.67919921875,0.99609375,1.4189453125,-0.221435546875,0.1512451171875,0.947265625,0.9228515625,0.342041015625,0.8115234375,24.484375
0.1220703125,0.194091796875,0.95068359375,0.58740234375,0.83740234375,0.1212158203125,0.07965087890625,0.167236328125,0.0433349609375,0.84228515625,-0.1282958984375,0.196044921875,1.82421875,-1.3388671875,0.65966796875,0.99560546875,0.9619140625,0.051239013671875,0.205810546875,0.8994140625,0.869140625,0.65087890625,0.5361328125,24.484375
0.125732421875,0.2022705078125,0.9521484375,0.6025390625,0.8232421875,0.127685546875,0.0904541015625,0.1669921875,0.044036865234375,0.400146484375,-0.48828125,0.1661376953125,1.71875,-1.263671875,0.890625,0.9951171875,0.496826171875,0.39111328125,0.173583984375,0.41015625,0.373779296875,1.0322265625,1.1240234375,24.5
0.1298828125,0.213623046875,0.95361328125,0.6171875,0.81396484375,0.1368408203125,0.096435546875,0.1634521484375,0.043731689453125,0.15087890625,-0.8408203125,0.1512451171875,1.8115234375,-1.5244140625,0.8134765625,0.9951171875,0.171875,0.73779296875,0.1456298828125,-0.1656494140625,0.27685546875,1.302734375,0.84716796875,24.515625
0.12939453125,0.2186279296875,0.95458984375,0.62646484375,0.7939453125,0.14501953125,0.09881591796875,0.15625,0.042266845703125,0.26708984375,-1.095703125,0.1884765625,1.6708984375,-1.39453125,1.044921875,0.99560546875,0.1959228515625,1.03125,0.169677734375,-0.42529296875,0.3203125,1.455078125,0.87890625,24.515625
0.13916015625,0.2249755859375,0.95654296875,0.6474609375,0.7783203125,0.1551513671875,0.100830078125,0.146484375,0.045135498046875,0.7099609375,-1.271484375,0.250244140625,1.5546875,-1.3212890625,1.31640625,0.99609375,0.5517578125,1.2197265625,0.228271484375,-0.490234375,0.65673828125,1.431640625,0.47607421875,24.53125
0.14892578125,0.23291015625,0.9580078125,0.6669921875,0.765625,0.1678466796875,0.10546875,0.1346435546875,0.04742431640625,1.3427734375,-1.228515625,0.29931640625,1.5166015625,-1.26171875,1.4599609375,0.99609375,1.1728515625,1.25,0.299560546875,0.0283203125,0.63427734375,1.0302734375,0.2408447265625,24.546875
0.149169921875,0.23193359375,0.9599609375,0.6728515625,0.74072265625,0.18408203125,0.11639404296875,0.12103271484375,0.050140380859375,2.052734375,-1.0302734375,0.268310546875,1.25,-1.5234375,1.4892578125,0.99609375,1.8623046875,1.080078125,0.289794921875,0.54150390625,0.5673828125,0.515625,0.2841796875,24.546875
0.1575927734375,0.2415771484375,0.9619140625,0.68798828125,0.7294921875,0.1986083984375,0.133056640625,0.109375,0.051422119140625,2.6796875,-0.783203125,0.234375,1.021484375,-1.859375,1.2822265625,0.99609375,2.52734375,0.83837890625,0.2401123046875,0.71533203125,1.0625,0.30224609375,-0.384765625,24.5625
0.1710205078125,0.25,0.9638671875,0.70751953125,0.71337890625,0.21142578125,0.1568603515625,0.10040283203125,0.054840087890625,2.990234375,-0.60888671875,0.1884765625,1.0380859375,-2.09375,0.9453125,0.99560546875,2.9375,0.6572265625,0.202392578125,0.86474609375,1.09765625,-0.0142364501953125,-0.396484375,24.578125
0.172607421875,0.2421875,0.96630859375,0.71044921875,0.6728515625,0.22119140625,0.1866455078125,0.09222412109375,0.059478759765625,2.962890625,-0.4404296875,0.1533203125,0.94677734375,-2.333984375,0.379150390625,0.994140625,3.005859375,0.470703125,0.16259765625,1.0,0.7587890625,-0.31640625,-0.002960205078125,24.578125
0.1817626953125,0.25341796875,0.96875,0.72216796875,0.65576171875,0.22705078125,0.2161865234375,0.08685302734375,0.059967041015625,2.603515625,-0.42431640625,0.1448974609375,1.173828125,-2.685546875,0.321533203125,0.9931640625,2.736328125,0.391357421875,0.1505126953125,0.93994140625,1.0498046875,-0.2325439453125,-0.36328125,24.59375
0.1839599609375,0.246826171875,0.970703125,0.7265625,0.6123046875,0.2296142578125,0.2454833984375,0.0816650390625,0.06402587890625,1.962890625,-0.50537109375,0.1298828125,1.0859375,-2.94140625,-0.251708984375,0.9912109375,2.173828125,0.4384765625,0.12432861328125,0.74951171875,0.4375,-0.2325439453125,0.310546875,24.609375
0.1923828125,0.261962890625,0.97314453125,0.73828125,0.5947265625,0.2283935546875,0.267578125,0.07769775390625,0.06072998046875,1.205078125,-0.6767578125,0.126708984375,1.1884765625,-3.236328125,-0.36669921875,0.990234375,1.4345703125,0.59130859375,0.1322021484375,0.62939453125,0.6884765625,0.1575927734375,-0.13330078125,24.609375
0.20166015625,0.274169921875,0.9755859375,0.75244140625,0.57080078125,0.2244873046875,0.282958984375,0.07244873046875,0.058441162109375,0.357421875,-0.8994140625,0.10650634765625,0.9560546875,-3.478515625,-0.228515625,0.9892578125,0.61669921875,0.84814453125,0.10833740234375,0.1986083984375,0.05029296875,0.479248046875,0.73291015625,24.625
0.202880859375,0.279541015625,0.9775390625,0.75439453125,0.53564453125,0.220703125,0.290771484375,0.06427001953125,0.055511474609375,-0.273193359375,-1.166015625,0.1331787109375,0.615234375,-2.95703125,-0.438720703125,0.98876953125,-0.1080322265625,1.1083984375,0.1319580078125,-0.1951904296875,-0.5380859375,0.90234375,0.96484375,24.625
0.2113037109375,0.285888671875,0.98046875,0.76220703125,0.50634765625,0.219482421875,0.291015625,0.053680419921875,0.055511474609375,-0.44775390625,-1.49609375,0.125732421875,0.455078125,-3.001953125,-0.441650390625,0.98876953125,-0.455078125,1.416015625,0.118408203125,-1.0859375,-0.46875,1.458984375,0.9404296875,24.640625
0.2108154296875,0.286376953125,0.982421875,0.755859375,0.47021484375,0.21337890625,0.286865234375,0.039886474609375,0.052764892578125,-0.2293701171875,-1.7216796875,0.1533203125,0.13623046875,-3.123046875,-0.05084228515625,0.9892578125,-0.347900390625,1.6650390625,0.14599609375,-0.77587890625,0.3369140625,1.166015625,0.4462890625,24.65625
0.219482421875,0.28857421875,0.98486328125,0.75927734375,0.437255859375,0.212158203125,0.282958984375,0.0240020751953125,0.050628662109375,0.307373046875,-1.77734375,0.1661376953125,0.03155517578125,-3.271484375,0.106689453125,0.98974609375,0.1302490234375,1.8076171875,0.167724609375,-0.1729736328125,0.7119140625,1.07421875,-0.32373046875,24.65625
0.239013671875,0.286865234375,0.97998046875,0.77587890625,0.388427734375,0.1710205078125,0.282958984375,0.01146697998046875,0.02252197265625,0.89208984375,-1.5810546875,0.1448974609375,-0.1702880859375,-3.26171875,0.1407470703125,0.98974609375,0.724609375,1.69921875,0.1417236328125,0.27734375,1.005859375,0.281005859375,-0.82080078125,24.671875
0.2388916015625,0.2841796875,0.9814453125,0.76416015625,0.347412109375,0.1719970703125,0.2890625,-0.006359100341796875,0.020355224609375,1.21875,-1.2626953125,0.1427001953125,-0.31884765625,-3.111328125,-0.1407470703125,0.98974609375,1.1708984375,1.3564453125,0.1395263671875,1.2001953125,1.0869140625,-0.51123046875,-0.3466796875,24.6875
0.25,0.291748046875,0.9833984375,0.765625,0.32177734375,0.1707763671875,0.299560546875,-0.0200653076171875,0.0164031982421875,1.1796875,-0.92919921875,0.137451171875,-0.428466796875,-3.158203125,-0.293212890625,0.98876953125,1.255859375,1.0458984375,0.1309814453125,0.97412109375,0.96826171875,-0.2890625,-0.201171875,24.6875
0.260986328125,0.296630859375,0.98486328125,0.765625,0.29296875,0.1678466796875,0.3115234375,-0.0307464599609375,0.01393890380859375,0.8125,-0.791015625,0.11822509765625,-0.362060546875,-3.365234375,-0.9013671875,0.98779296875,0.94091796875,0.865234375,0.11419677734375,0.6435546875,0.10699462890625,-0.013946533203125,0.3681640625,24.703125
0.260009765625,0.296875,0.98828125,0.7509765625,0.258544921875,0.1710205078125,0.321533203125,-0.04156494140625,0.01934814453125,0.34912109375,-0.8876953125,0.1075439453125,-0.51513671875,-3.373046875,-0.89404296875,0.98681640625,0.4375,0.8505859375,0.09136962890625,0.544921875,-0.310546875,0.01763916015625,0.81201171875,24.71875
0.270263671875,0.29931640625,0.990234375,0.74951171875,0.2252197265625,0.16259765625,0.326904296875,-0.04962158203125,0.017669677734375,-0.06109619140625,-1.21484375,0.11505126953125,-0.80810546875,-2.90625,-1.1767578125,0.986328125,0.01007843017578125,1.0908203125,0.10589599609375,-0.017822265625,-0.2476806640625,0.61279296875,0.60009765625,24.71875
0.26806640625,0.30322265625,0.99169921875,0.728515625,0.19677734375,0.1517333984375,0.32763671875,-0.060150146484375,0.01450347900390625,-0.2283935546875,-1.53125,0.08203125,-0.69140625,-3.193359375,-0.84423828125,0.986328125,-0.2135009765625,1.462890625,0.08648681640625,-0.48486328125,-0.1431884765625,1.1630859375,0.58642578125,24.734375
0.27978515625,0.306640625,0.9931640625,0.72705078125,0.16796875,0.1427001953125,0.32568359375,-0.07293701171875,0.01044464111328125,-0.047271728515625,-1.8212890625,0.041534423828125,-0.80615234375,-3.376953125,-0.72119140625,0.98583984375,-0.1220703125,1.75390625,0.046600341796875,-0.66162109375,0.36669921875,1.28125,0.0902099609375,24.734375
0.274169921875,0.31787109375,1.009765625,0.7080078125,0.1656494140625,0.2259521484375,0.31982421875,-0.09716796875,0.045440673828125,0.35546875,-1.8671875,0.0212860107421875,-0.89404296875,-3.330078125,-0.71630859375,0.98583984375,0.2242431640625,1.8603515625,0.01544952392578125,-0.1239013671875,0.65185546875,0.7177734375,-0.1746826171875,24.75
0.2744140625,0.314697265625,1.0126953125,0.69091796875,0.1258544921875,0.2177734375,0.321533203125,-0.115478515625,0.041473388671875,0.73583984375,-1.7001953125,0.002109527587890625,-0.91943359375,-3.240234375,-0.77587890625,0.98486328125,0.64501953125,1.71875,0.01338958740234375,-0.89306640625,-0.0474853515625,0.595703125,-0.58935546875,24.765625
0.28369140625,0.3125,1.0146484375,0.68505859375,0.08929443359375,0.2095947265625,0.32763671875,-0.132080078125,0.036651611328125,1.189453125,-1.3173828125,-0.058624267578125,-0.7001953125,-3.212890625,-1.408203125,0.98388671875,1.0810546875,1.3779296875,-0.050506591796875,-1.0478515625,0.284912109375,0.29931640625,-0.8271484375,24.765625
0.296142578125,0.314697265625,1.0166015625,0.68408203125,0.0596923828125,0.1976318359375,0.337646484375,-0.1451416015625,0.0305938720703125,1.6279296875,-0.677734375,-0.0255889892578125,-0.8076171875,-3.181640625,-2.017578125,0.98291015625,1.5478515625,0.87451171875,-0.034423828125,-0.1868896484375,0.3798828125,-0.52734375,-0.68408203125,24.78125
0.29833984375,0.3076171875,1.0185546875,0.671875,0.0177001953125,0.177978515625,0.3525390625,-0.1551513671875,0.0291290283203125,1.9365234375,-0.1197509765625,0.044708251953125,-1.2939453125,-3.130859375,-1.599609375,0.9814453125,1.876953125,0.31787109375,0.027191162109375,0.3662109375,-0.0030517578125,-0.8271484375,-0.101318359375,24.796875
0.3037109375,0.31005859375,1.0234375,0.6591796875,-0.006988525390625,0.1787109375,0.369384765625,-0.1605224609375,0.0330810546875,1.9599609375,0.1689453125,0.0084991455078125,-1.2783203125,-3.091796875,-1.9921875,0.9794921875,1.990234375,-0.1265869140625,0.021209716796875,0.32080078125,-0.0672607421875,-0.72265625,-0.2978515625,24.796875
0.31103515625,0.303955078125,1.025390625,0.64794921875,-0.045257568359375,0.159423828125,0.38916015625,-0.1602783203125,0.034698486328125,1.8671875,0.404296875,-0.006412506103515625,-0.9169921875,-3.056640625,-2.361328125,0.9775390625,1.9228515625,-0.3759765625,-0.01195526123046875,-0.0433349609375,-0.2198486328125,-0.50341796875,-0.178955078125,24.8125
0.321533203125,0.3037109375,1.0263671875,0.64306640625,-0.0753173828125,0.135986328125,0.407958984375,-0.1566162109375,0.035186767578125,1.7978515625,0.52587890625,0.014892578125,-0.927734375,-2.978515625,-2.865234375,0.97607421875,1.7646484375,-0.483642578125,0.00769805908203125,0.08660888671875,-0.0877685546875,-0.56005859375,-0.079345703125,24.828125
0.326171875,0.3046875,1.0341796875,0.6357421875,-0.09466552734375,0.147216796875,0.423095703125,-0.15478515625,0.048492431640625,1.513671875,0.56005859375,0.0426025390625,-0.7314453125,-3.3203125,-3.353515625,0.97412109375,1.56640625,-0.51953125,0.037017822265625,0.275634765625,-0.0618896484375,-0.42822265625,0.14501953125,24.828125
0.33251953125,0.30029296875,1.0361328125,0.6279296875,-0.1314697265625,0.11383056640625,0.43896484375,-0.150146484375,0.05157470703125,1.2021484375,0.3095703125,0.050048828125,-0.83203125,-3.294921875,-3.412109375,0.97265625,1.306640625,-0.433837890625,0.048797607421875,0.11260986328125,-0.1077880859375,-0.186767578125,0.12109375,24.84375
0.338623046875,0.298828125,1.037109375,0.62060546875,-0.16455078125,0.07928466796875,0.4521484375,-0.14599609375,0.05401611328125,1.0087890625,0.26171875,0.06494140625,-0.7626953125,-2.984375,-3.66015625,0.97119140625,1.0478515625,-0.25390625,0.05999755859375,-0.069091796875,0.21044921875,0.09619140625,-0.054290771484375,24.859375
0.3359375,0.30322265625,1.0546875,0.615234375,-0.1646728515625,0.1468505859375,0.45556640625,-0.1514892578125,0.09149169921875,0.71435546875,-0.0025844573974609375,0.0777587890625,-0.888671875,-3.205078125,-3.51953125,0.9697265625,0.7841796875,-0.07080078125,0.07470703125,0.00732421875,0.3056640625,0.1982421875,0.1197509765625,24.859375
0.34033203125,0.2978515625,1.0556640625,0.60546875,-0.2005615234375,0.1104736328125,0.463623046875,-0.15087890625,0.093505859375,0.475830078125,-0.07183837890625,0.10223388671875,-0.8056640625,-3.3125,-3.513671875,0.96875,0.54296875,0.0665283203125,0.1011962890625,-0.765625,0.0010986328125,0.54736328125,-0.2392578125,24.875
0.349609375,0.298828125,1.056640625,0.6005859375,-0.229248046875,0.07525634765625,0.468994140625,-0.15087890625,0.0928955078125,0.40771484375,-0.0782470703125,0.056427001953125,-0.6435546875,-3.0703125,-3.46875,0.9677734375,0.383544921875,0.10125732421875,0.057403564453125,-0.431640625,0.58935546875,0.21875,-0.357421875,24.875
0.354736328125,0.295654296875,1.0498046875,0.5849609375,-0.271484375,-0.002941131591796875,0.475830078125,-0.1488037109375,0.0770263671875,0.2392578125,0.06451416015625,0.13525390625,-0.73974609375,-2.93359375,-3.69921875,0.9677734375,0.2978515625,-0.04156494140625,0.11846923828125,0.08807373046875,0.202880859375,-0.09429931640625,0.049072265625,24.890625
0.359375,0.292236328125,1.0498046875,0.57666015625,-0.3017578125,-0.03912353515625,0.478271484375,-0.1492919921875,0.0782470703125,0.11468505859375,0.1944580078125,0.1544189453125,-0.99951171875,-3.275390625,-3.287109375,0.96728515625,0.1640625,-0.22705078125,0.1505126953125,0.1322021484375,0.08428955078125,0.1759033203125,0.29931640625,24.90625
0.36376953125,0.288330078125,1.0498046875,0.56640625,-0.334716796875,-0.07305908203125,0.4794921875,-0.1484375,0.080810546875,-0.0035800933837890625,0.4619140625,0.1650390625,-0.7724609375,-3.279296875,-3.376953125,0.96728515625,0.004032135009765625,-0.36181640625,0.1676025390625,0.2900390625,0.34619140625,0.224609375,0.1251220703125,24.90625
0.37646484375,0.27978515625,1.0341796875,0.54541015625,-0.390380859375,-0.1956787109375,0.485595703125,-0.1380615234375,0.046722412109375,-0.2027587890625,0.423583984375,0.14697265625,-0.6796875,-3.474609375,-3.138671875,0.9677734375,-0.13818359375,-0.43994140625,0.1455078125,0.58349609375,0.390869140625,0.032501220703125,0.158203125,24.921875
0.383056640625,0.278076171875,1.0322265625,0.53955078125,-0.421875,-0.227294921875,0.483642578125,-0.1346435546875,0.0494384765625,-0.49462890625,0.416015625,0.11077880859375,-0.70068359375,-3.326171875,-3.408203125,0.9677734375,-0.378173828125,-0.45849609375,0.1170654296875,1.27734375,0.83544921875,-0.041351318359375,0.3359375,24.9375
0.3896484375,0.276611328125,1.0302734375,0.53369140625,-0.4521484375,-0.259521484375,0.4794921875,-0.1307373046875,0.05194091796875,-0.91015625,0.36376953125,0.1650390625,-0.6005859375,-3.16796875,-3.236328125,0.96875,-0.791015625,-0.375732421875,0.1446533203125,1.072265625,0.81689453125,-0.02313232421875,0.78564453125,24.9375
0.393798828125,0.27392578125,1.0263671875,0.5244140625,-0.483154296875,-0.298583984375,0.47216796875,-0.1273193359375,0.052642822265625,-1.5224609375,0.07305908203125,0.249267578125,-0.65576171875,-3.09375,-2.97265625,0.9697265625,-1.3759765625,-0.1390380859375,0.2403564453125,0.74365234375,0.294189453125,0.43896484375,0.9814453125,24.953125
0.397216796875,0.269775390625,1.0234375,0.515625,-0.51416015625,-0.328369140625,0.458984375,-0.1265869140625,0.056121826171875,-2.14453125,-0.380859375,0.243896484375,-0.70654296875,-3.283203125,-2.580078125,0.97119140625,-1.9765625,0.239990234375,0.256591796875,0.10589599609375,0.139404296875,1.3203125,1.0458984375,24.96875
0.3974609375,0.2734375,1.01953125,0.5029296875,-0.5361328125,-0.353759765625,0.439208984375,-0.12939453125,0.05914306640625,-2.40625,-0.74169921875,0.250244140625,-0.67138671875,-3.419921875,-2.017578125,0.97314453125,-2.37109375,0.6640625,0.256103515625,-0.084716796875,0.619140625,1.6875,0.80615234375,24.96875
0.40625,0.263916015625,1.015625,0.50048828125,-0.5751953125,-0.374755859375,0.416259765625,-0.1348876953125,0.057708740234375,-2.44921875,-1.017578125,0.336669921875,-0.71875,-3.09375,-1.759765625,0.9755859375,-2.46875,0.98828125,0.32373046875,0.04718017578125,0.802734375,1.587890625,0.58251953125,24.984375
0.40234375,0.274658203125,1.0126953125,0.483154296875,-0.5869140625,-0.39111328125,0.39013671875,-0.1453857421875,0.05987548828125,-2.376953125,-1.140625,0.388916015625,-1.0546875,-3.177734375,-0.97802734375,0.9775390625,-2.40625,1.150390625,0.3994140625,0.4638671875,0.8330078125,1.1298828125,0.3583984375,24.984375
0.414306640625,0.2646484375,1.00390625,0.47412109375,-0.62841796875,-0.431396484375,0.367919921875,-0.1551513671875,0.04876708984375,-2.322265625,-1.0859375,0.343017578125,-1.3408203125,-3.099609375,-0.368896484375,0.9794921875,-2.3359375,1.123046875,0.362060546875,0.04443359375,0.3271484375,1.474609375,0.38037109375,25.0
0.420654296875,0.251953125,0.9990234375,0.462646484375,-0.6669921875,-0.435546875,0.3447265625,-0.166748046875,0.04779052734375,-2.140625,-0.994140625,0.27685546875,-1.5849609375,-3.12109375,-0.53515625,0.98095703125,-2.201171875,1.0302734375,0.302001953125,0.3544921875,0.4755859375,1.2685546875,0.3466796875,25.015625
0.420654296875,0.260986328125,0.9951171875,0.4423828125,-0.67822265625,-0.438720703125,0.32080078125,-0.177978515625,0.049041748046875,-1.916015625,-0.759765625,0.1949462890625,-2.013671875,-3.15234375,-0.10980224609375,0.982421875,-1.97265625,0.7978515625,0.217041015625,1.11328125,1.068359375,0.591796875,0.014892578125,25.015625
0.4267578125,0.2493896484375,0.98583984375,0.420654296875,-0.71875,-0.470703125,0.302490234375,-0.186279296875,0.043212890625,-1.88671875,-0.54248046875,0.08837890625,-2.091796875,-2.900390625,0.203369140625,0.98388671875,-1.87890625,0.59423828125,0.1116943359375,0.7841796875,0.91650390625,0.68994140625,0.38427734375,25.03125
0.430908203125,0.2408447265625,0.98095703125,0.3994140625,-0.75048828125,-0.468994140625,0.283447265625,-0.1927490234375,0.042694091796875,-2.0390625,-0.332763671875,0.0543212890625,-1.935546875,-2.693359375,0.29345703125,0.98486328125,-2.015625,0.385009765625,0.07403564453125,0.97900390625,0.96630859375,0.86279296875,0.357421875,25.046875
0.434326171875,0.240234375,0.97607421875,0.37890625,-0.76904296875,-0.46533203125,0.262939453125,-0.197021484375,0.042572021484375,-2.34375,-0.1954345703125,-0.01493072509765625,-2.17578125,-2.322265625,0.287109375,0.98583984375,-2.275390625,0.2008056640625,-0.011077880859375,1.044921875,0.88623046875,0.63427734375,0.66259765625,25.046875
0.439697265625,0.234619140625,0.9716796875,0.358642578125,-0.78955078125,-0.462158203125,0.2408447265625,-0.198974609375,0.04132080078125,-2.75,-0.06439208984375,-0.021331787109375,-2.263671875,-1.890625,0.461669921875,0.9873046875,-2.65625,0.08447265625,-0.02947998046875,0.736328125,0.53857421875,1.1083984375,1.0771484375,25.0625
0.440673828125,0.248779296875,0.95849609375,0.330322265625,-0.7900390625,-0.5107421875,0.216552734375,-0.20068359375,0.041015625,-3.0859375,-0.052642822265625,-0.04901123046875,-2.154296875,-2.05078125,0.8759765625,0.98876953125,-3.017578125,0.058380126953125,-0.04315185546875,0.1815185546875,0.193359375,1.36328125,1.3486328125,25.078125
0.441650390625,0.22802734375,0.953125,0.306396484375,-0.8251953125,-0.50244140625,0.18798828125,-0.201171875,0.041046142578125,-3.154296875,-0.0931396484375,0.0106353759765625,-2.234375,-1.6484375,1.2119140625,0.990234375,-3.166015625,0.08685302734375,-0.0088348388671875,-0.3037109375,0.0267333984375,1.5986328125,1.779296875,25.078125
0.44482421875,0.2119140625,0.9482421875,0.28369140625,-0.85205078125,-0.490966796875,0.156982421875,-0.2017822265625,0.040191650390625,-2.90234375,-0.11016845703125,0.09161376953125,-2.052734375,-1.0439453125,1.2255859375,0.99169921875,-2.994140625,0.1129150390625,0.0579833984375,-0.1007080078125,0.74951171875,1.2529296875,0.953125,25.09375
0.4462890625,0.223876953125,0.943359375,0.261962890625,-0.83837890625,-0.478271484375,0.1246337890625,-0.2027587890625,0.042327880859375,-2.43359375,-0.0419921875,0.2152099609375,-2.1640625,-0.85107421875,1.560546875,0.99267578125,-2.5625,0.089111328125,0.206298828125,1.046875,1.4150390625,0.7490234375,0.47900390625,25.109375
0.450927734375,0.2125244140625,0.93701171875,0.2421875,-0.85107421875,-0.47412109375,0.09832763671875,-0.2037353515625,0.0438232421875,-2.103515625,0.002742767333984375,0.1800537109375,-2.390625,-0.87353515625,1.7529296875,0.9931640625,-2.140625,-0.01427459716796875,0.1873779296875,0.97412109375,1.052734375,1.0537109375,0.9326171875,25.109375
0.4521484375,0.2161865234375,0.93212890625,0.2178955078125,-0.84423828125,-0.45654296875,0.0745849609375,-0.203857421875,0.047271728515625,-1.8828125,0.06878662109375,0.1810302734375,-2.220703125,-0.65625,1.6591796875,0.99365234375,-1.9208984375,-0.05059814453125,0.1781005859375,0.71923828125,1.30078125,1.0166015625,0.67529296875,25.125
0.455078125,0.198974609375,0.927734375,0.19580078125,-0.861328125,-0.43994140625,0.05517578125,-0.2032470703125,0.0478515625,-1.76171875,0.0740966796875,0.1683349609375,-2.123046875,-0.253662109375,1.75390625,0.994140625,-1.7978515625,-0.0787353515625,0.1693115234375,0.82080078125,1.0478515625,1.0595703125,1.09765625,25.125
0.458251953125,0.188232421875,0.92333984375,0.175537109375,-0.8662109375,-0.422607421875,0.0367431640625,-0.2022705078125,0.04876708984375,-1.6591796875,0.1337890625,0.1864013671875,-2.24609375,-0.130126953125,2.005859375,0.994140625,-1.685546875,-0.124755859375,0.1778564453125,0.7763671875,1.2958984375,0.9326171875,0.984375,25.140625
0.458251953125,0.184814453125,0.91943359375,0.15185546875,-0.86083984375,-0.403076171875,0.018768310546875,-0.201171875,0.05194091796875,-1.5625,0.11883544921875,0.2109375,-2.37890625,0.2001953125,2.283203125,0.99462890625,-1.5830078125,-0.1136474609375,0.2115478515625,1.19140625,1.5791015625,0.8037109375,0.7998046875,25.15625
0.4609375,0.172119140625,0.91259765625,0.1304931640625,-0.86669921875,-0.39697265625,0.0031871795654296875,-0.199951171875,0.056427001953125,-1.6220703125,0.0751953125,0.2119140625,-2.431640625,0.3828125,2.47265625,0.99462890625,-1.5966796875,-0.0872802734375,0.2091064453125,1.029296875,1.5625,1.11328125,0.998046875,25.15625
0.46044921875,0.1533203125,0.90869140625,0.10382080078125,-0.87451171875,-0.373046875,-0.01235198974609375,-0.198974609375,0.058074951171875,-1.7275390625,0.013397216796875,0.185302734375,-2.34765625,0.56591796875,2.560546875,0.99462890625,-1.6982421875,-0.01751708984375,0.2003173828125,0.95703125,1.7998046875,1.1103515625,0.916015625,25.171875
0.45751953125,0.1654052734375,0.9052734375,0.07733154296875,-0.8447265625,-0.34814453125,-0.03118896484375,-0.1983642578125,0.0645751953125,-1.9169921875,-0.0963134765625,0.21728515625,-2.419921875,0.8896484375,2.775390625,0.99462890625,-1.841796875,0.0482177734375,0.210693359375,1.2451171875,2.224609375,0.97216796875,0.833984375,25.1875
0.45751953125,0.1507568359375,0.90185546875,0.05224609375,-0.8427734375,-0.321044921875,-0.049163818359375,-0.1986083984375,0.06597900390625,-2.068359375,-0.11444091796875,0.2119140625,-2.419921875,1.166015625,2.6953125,0.994140625,-2.021484375,0.11651611328125,0.20703125,0.52294921875,1.4619140625,1.6728515625,1.794921875,25.1875
0.455810546875,0.16064453125,0.89404296875,0.0284576416015625,-0.81591796875,-0.322021484375,-0.07049560546875,-0.1993408203125,0.08038330078125,-2.203125,-0.1666259765625,0.342041015625,-2.482421875,1.31640625,2.900390625,0.99365234375,-2.189453125,0.169921875,0.292236328125,-0.0189208984375,1.4462890625,1.69921875,1.6669921875,25.203125
0.456298828125,0.1485595703125,0.89111328125,0.003826141357421875,-0.80615234375,-0.294189453125,-0.09210205078125,-0.2005615234375,0.08233642578125,-2.19140625,-0.056915283203125,0.52734375,-2.591796875,1.611328125,2.87890625,0.9931640625,-2.22265625,0.09478759765625,0.468017578125,-0.0616455078125,1.10546875,1.8671875,2.15234375,25.21875
0.456298828125,0.1405029296875,0.88818359375,-0.0221099853515625,-0.7900390625,-0.265869140625,-0.114990234375,-0.201171875,0.0865478515625,-1.984375,0.1923828125,0.69140625,-2.546875,1.91015625,2.833984375,0.99267578125,-2.05859375,-0.10455322265625,0.634765625,0.05426025390625,1.5703125,1.615234375,1.7255859375,25.21875
0.453857421875,0.1378173828125,0.8857421875,-0.049591064453125,-0.76513671875,-0.2381591796875,-0.137451171875,-0.1995849609375,0.09405517578125,-1.6357421875,0.58642578125,0.82861328125,-2.71875,2.087890625,2.78515625,0.99169921875,-1.74609375,-0.466064453125,0.80859375,1.11328125,1.8935546875,1.1474609375,1.3603515625,25.234375
0.453125,0.131591796875,0.8818359375,-0.076171875,-0.74365234375,-0.218994140625,-0.1572265625,-0.1947021484375,0.10400390625,-1.43359375,0.791015625,0.810546875,-2.6484375,2.431640625,2.828125,0.9912109375,-1.4736328125,-0.75537109375,0.8134765625,1.2685546875,2.18359375,1.197265625,1.4775390625,25.234375
0.4599609375,0.128662109375,0.8798828125,-0.09466552734375,-0.712890625,-0.19091796875,-0.1737060546875,-0.18603515625,0.10894775390625,-1.2412109375,1.0380859375,0.80517578125,-2.462890625,2.6640625,2.84375,0.99072265625,-1.2431640625,-1.0341796875,0.80126953125,1.185546875,2.111328125,1.3837890625,1.798828125,25.25
0.458740234375,0.12164306640625,0.87841796875,-0.11944580078125,-0.68603515625,-0.1629638671875,-0.187744140625,-0.175048828125,0.1151123046875,-1.095703125,1.2021484375,0.775390625,-2.396484375,2.779296875,2.81640625,0.99072265625,-1.119140625,-1.158203125,0.78857421875,1.404296875,1.8662109375,1.1845703125,1.9443359375,25.265625
0.451416015625,0.10498046875,0.87646484375,-0.150390625,-0.67041015625,-0.134765625,-0.1993408203125,-0.1627197265625,0.12091064453125,-1.0439453125,1.2919921875,0.77001953125,-2.16015625,2.734375,3.173828125,0.990234375,-1.0595703125,-1.2783203125,0.7744140625,1.4345703125,2.1015625,1.59765625,1.8046875,25.265625
0.449462890625,0.09716796875,0.87548828125,-0.17626953125,-0.63671875,-0.09814453125,-0.212890625,-0.14599609375,0.1268310546875,-1.02734375,1.3525390625,0.73583984375,-1.9697265625,3.05859375,3.08203125,0.990234375,-1.052734375,-1.3056640625,0.75341796875,1.3974609375,2.564453125,1.388671875,1.3076171875,25.28125
0.4521484375,0.0927734375,0.875,-0.1907958984375,-0.60205078125,-0.06298828125,-0.223876953125,-0.13134765625,0.1287841796875,-1.0595703125,1.3564453125,0.73291015625,-1.8173828125,3.248046875,3.125,0.990234375,-1.0908203125,-1.3310546875,0.74169921875,1.44140625,2.5546875,1.2490234375,1.7041015625,25.296875
0.449951171875,0.0869140625,0.875,-0.208740234375,-0.5693359375,-0.032196044921875,-0.23486328125,-0.1165771484375,0.1329345703125,-1.171875,1.2900390625,0.73583984375,-1.6689453125,3.4296875,3.140625,0.98974609375,-1.11328125,-1.3193359375,0.7314453125,1.3818359375,2.19140625,1.4462890625,2.044921875,25.296875
0.452392578125,0.08740234375,0.87451171875,-0.2198486328125,-0.52734375,-0.0012636184692382812,-0.2464599609375,-0.1015625,0.1365966796875,-1.1572265625,1.3212890625,0.6943359375,-1.5009765625,3.623046875,3.005859375,0.9892578125,-1.1689453125,-1.2958984375,0.7119140625,1.1962890625,2.029296875,1.7158203125,2.013671875,25.3125
0.45556640625,0.07684326171875,0.875,-0.228759765625,-0.495849609375,0.029144287109375,-0.2578125,-0.087158203125,0.1375732421875,-1.248046875,1.279296875,0.69140625,-1.31640625,3.748046875,3.154296875,0.98876953125,-1.2197265625,-1.2841796875,0.69580078125,1.1572265625,2.017578125,1.60546875,1.9228515625,25.328125
0.436767578125,0.07080078125,0.876953125,-0.260498046875,-0.460205078125,0.070068359375,-0.27001953125,-0.0736083984375,0.1414794921875,-1.3466796875,1.2099609375,0.68408203125,-1.1630859375,3.826171875,3.310546875,0.98828125,-1.3017578125,-1.251953125,0.6767578125,1.373046875,2.2578125,1.4873046875,1.6162109375,25.328125
0.450439453125,0.08026123046875,0.8779296875,-0.25244140625,-0.403564453125,0.1021728515625,-0.283447265625,-0.05859375,0.1431884765625,-1.3642578125,1.2080078125,0.62548828125,-0.94140625,3.982421875,3.298828125,0.9873046875,-1.3837890625,-1.2138671875,0.64599609375,1.0205078125,2.5,1.814453125,1.515625,25.34375
0.4365234375,0.0693359375,0.87890625,-0.275146484375,-0.372802734375,0.1346435546875,-0.296630859375,-0.04571533203125,0.14697265625,-1.54296875,1.142578125,0.619140625,-0.7880859375,4.1171875,3.34375,0.986328125,-1.5078125,-1.134765625,0.6318359375,1.0322265625,1.623046875,1.3173828125,2.11328125,25.359375
0.432373046875,0.057861328125,0.88037109375,-0.284912109375,-0.340087890625,0.16748046875,-0.310791015625,-0.033294677734375,0.148193359375,-1.69921875,1.001953125,0.6318359375,-0.59033203125,4.30859375,3.478515625,0.9853515625,-1.6201171875,-1.0947265625,0.61279296875,0.6083984375,1.8740234375,2.091796875,1.8837890625,25.359375
0.435546875,0.07281494140625,0.876953125,-0.28564453125,-0.2783203125,0.168212890625,-0.327880859375,-0.0189666748046875,0.163330078125,-1.6953125,1.0498046875,0.630859375,-0.5380859375,4.57421875,3.130859375,0.9833984375,-1.72265625,-1.0400390625,0.6318359375,0.8046875,1.9873046875,1.41015625,1.50390625,25.375
0.437255859375,0.067626953125,0.87890625,-0.285400390625,-0.23486328125,0.1993408203125,-0.344482421875,-0.00701904296875,0.1641845703125,-1.73828125,1.146484375,0.6318359375,-0.4052734375,4.72265625,3.03125,0.98193359375,-1.7666015625,-1.078125,0.6494140625,0.9892578125,1.73828125,1.6357421875,2.06640625,25.375
0.440185546875,0.07708740234375,0.880859375,-0.282470703125,-0.17333984375,0.2281494140625,-0.3623046875,0.005977630615234375,0.1678466796875,-1.8935546875,1.017578125,0.6455078125,-0.35302734375,5.09765625,2.8671875,0.97998046875,-1.802734375,-1.060546875,0.61669921875,0.75439453125,1.638671875,1.787109375,2.015625,25.390625
0.43408203125,0.07269287109375,0.88330078125,-0.28955078125,-0.1256103515625,0.25634765625,-0.3798828125,0.017852783203125,0.169677734375,-1.8642578125,1.048828125,0.64208984375,-0.2086181640625,5.44140625,2.798828125,0.978515625,-1.859375,-1.10546875,0.62841796875,0.6533203125,1.4404296875,1.7373046875,2.00390625,25.40625
0.436767578125,0.082763671875,0.8857421875,-0.284912109375,-0.058074951171875,0.28271484375,-0.3984375,0.031158447265625,0.1727294921875,-1.8056640625,1.205078125,0.6357421875,-0.11865234375,5.6796875,2.62890625,0.97607421875,-1.85546875,-1.1181640625,0.64404296875,0.5576171875,1.6123046875,1.8134765625,1.7412109375,25.40625
0.438232421875,0.07745361328125,0.8876953125,-0.28125,-0.006328582763671875,0.30224609375,-0.416259765625,0.043975830078125,0.17431640625,-1.8251953125,1.2548828125,0.69140625,0.07904052734375,5.828125,2.611328125,0.97412109375,-1.82421875,-1.2060546875,0.689453125,0.6962890625,1.29296875,1.537109375,1.7939453125,25.421875
0.4453125,0.07415771484375,0.89111328125,-0.268310546875,0.048919677734375,0.3271484375,-0.433837890625,0.05780029296875,0.1739501953125,-1.734375,1.26171875,0.71044921875,0.11041259765625,6.16015625,2.345703125,0.97216796875,-1.7421875,-1.3095703125,0.703125,0.83447265625,1.447265625,1.4755859375,1.5419921875,25.4375
0.445556640625,0.08660888671875,0.89453125,-0.263427734375,0.1240234375,0.3486328125,-0.45166015625,0.0732421875,0.1767578125,-1.62890625,1.42578125,0.6923828125,0.09765625,6.26171875,1.9853515625,0.96923828125,-1.6728515625,-1.390625,0.69921875,1.181640625,1.3173828125,1.1748046875,1.556640625,25.4375
0.441162109375,0.077880859375,0.89794921875,-0.263916015625,0.1754150390625,0.368896484375,-0.467529296875,0.08782958984375,0.1749267578125,-1.6015625,1.5205078125,0.6806640625,0.31982421875,6.3828125,2.119140625,0.96728515625,-1.6083984375,-1.4755859375,0.68896484375,0.869140625,1.0732421875,1.576171875,1.7900390625,25.453125
0.44580078125,0.0865478515625,0.904296875,-0.25,0.2454833984375,0.402099609375,-0.483154296875,0.10418701171875,0.17236328125,-1.5712890625,1.517578125,0.7041015625,0.50341796875,6.68359375,2.05078125,0.96484375,-1.5625,-1.5400390625,0.69091796875,0.5205078125,0.96337890625,1.5078125,1.619140625,25.46875
0.4423828125,0.08203125,0.908203125,-0.245849609375,0.30419921875,0.421875,-0.498046875,0.12017822265625,0.1697998046875,-1.4111328125,1.5908203125,0.75537109375,0.58203125,6.8203125,1.7880859375,0.962890625,-1.4677734375,-1.5859375,0.73681640625,0.40771484375,0.51171875,1.3193359375,1.8359375,25.46875
0.44091796875,0.085205078125,0.91259765625,-0.23828125,0.37255859375,0.43896484375,-0.5126953125,0.1373291015625,0.1683349609375,-1.171875,1.734375,0.74267578125,0.83984375,6.76171875,1.7783203125,0.9599609375,-1.265625,-1.693359375,0.74609375,0.33251953125,0.63623046875,1.3505859375,1.6181640625,25.484375
0.438720703125,0.097412109375,0.9169921875,-0.2301025390625,0.449951171875,0.454833984375,-0.52587890625,0.1558837890625,0.1678466796875,-0.77490234375,1.8349609375,0.77880859375,1.0390625,7.0078125,1.591796875,0.95751953125,-0.8740234375,-1.7841796875,0.7763671875,0.5732421875,0.411376953125,1.0068359375,1.6328125,25.484375
